Sub-Category,Sales
Accessories,167380.318
Appliances,107532.16100000001
Art,27107.032
Binders,203409.169
Bookcases,114879.9963
Chairs,327777.761
Copiers,149528.03
Envelopes,16476.402
Fasteners,3024.28
Furnishings,91683.024
Labels,12444.912
Machines,189238.631
Paper,78224.14199999999
Phones,330007.054
Storage,223843.608
Supplies,46673.538
Tables,206965.532
