,Postal Code,Sales,Quantity,Discount,Profit
count,9977.0,9977.0,9977.0,9977.0,9977.0
mean,55154.96411747018,230.14890150345792,3.7907186529016736,0.15627844041294978,28.690129557983365
std,32058.266816401152,623.7214089819952,2.226656969033276,0.2064551981580625,234.45784018467535
min,1040.0,0.444,1.0,0.0,-6599.978
25%,23223.0,17.3,2.0,0.0,1.7262
50%,55901.0,54.816,3.0,0.2,8.671
75%,90008.0,209.97,5.0,0.2,29.372
max,99301.0,22638.48,14.0,0.8,8399.976
